--
-- PostgreSQL database dump
--

-- Dumped from database version 12.17 (Ubuntu 12.17-1.pgdg22.04+1)
-- Dumped by pg_dump version 12.17 (Ubuntu 12.17-1.pgdg22.04+1)

SET statement_timeout = 0;
SET lock_timeout = 0;
SET idle_in_transaction_session_timeout = 0;
SET client_encoding = 'UTF8';
SET standard_conforming_strings = on;
SELECT pg_catalog.set_config('search_path', '', false);
SET check_function_bodies = false;
SET xmloption = content;
SET client_min_messages = warning;
SET row_security = off;

DROP DATABASE universe;
--
-- Name: universe; Type: DATABASE; Schema: -; Owner: freecodecamp
--

CREATE DATABASE universe WITH TEMPLATE = template0 ENCODING = 'UTF8' LC_COLLATE = 'C.UTF-8' LC_CTYPE = 'C.UTF-8';


ALTER DATABASE universe OWNER TO freecodecamp;

\connect universe

SET statement_timeout = 0;
SET lock_timeout = 0;
SET idle_in_transaction_session_timeout = 0;
SET client_encoding = 'UTF8';
SET standard_conforming_strings = on;
SELECT pg_catalog.set_config('search_path', '', false);
SET check_function_bodies = false;
SET xmloption = content;
SET client_min_messages = warning;
SET row_security = off;

SET default_tablespace = '';

SET default_table_access_method = heap;

--
-- Name: asteroid_belt; Type: TABLE; Schema: public; Owner: freecodecamp
--

CREATE TABLE public.asteroid_belt (
    asteroid_belt_id integer NOT NULL,
    name character varying(100) NOT NULL,
    star_id integer NOT NULL,
    number_of_asteroids integer NOT NULL,
    belt_width numeric NOT NULL
);


ALTER TABLE public.asteroid_belt OWNER TO freecodecamp;

--
-- Name: asteroid_belt_asteroid_belt_id_seq; Type: SEQUENCE; Schema: public; Owner: freecodecamp
--

CREATE SEQUENCE public.asteroid_belt_asteroid_belt_id_seq
    AS integer
    START WITH 1
    INCREMENT BY 1
    NO MINVALUE
    NO MAXVALUE
    CACHE 1;


ALTER TABLE public.asteroid_belt_asteroid_belt_id_seq OWNER TO freecodecamp;

--
-- Name: asteroid_belt_asteroid_belt_id_seq; Type: SEQUENCE OWNED BY; Schema: public; Owner: freecodecamp
--

ALTER SEQUENCE public.asteroid_belt_asteroid_belt_id_seq OWNED BY public.asteroid_belt.asteroid_belt_id;


--
-- Name: galaxy; Type: TABLE; Schema: public; Owner: freecodecamp
--

CREATE TABLE public.galaxy (
    galaxy_id integer NOT NULL,
    name character varying(100) NOT NULL,
    galaxy_type text NOT NULL,
    has_life boolean NOT NULL,
    distance_from_earth numeric NOT NULL
);


ALTER TABLE public.galaxy OWNER TO freecodecamp;

--
-- Name: galaxy_galaxy_id_seq; Type: SEQUENCE; Schema: public; Owner: freecodecamp
--

CREATE SEQUENCE public.galaxy_galaxy_id_seq
    AS integer
    START WITH 1
    INCREMENT BY 1
    NO MINVALUE
    NO MAXVALUE
    CACHE 1;


ALTER TABLE public.galaxy_galaxy_id_seq OWNER TO freecodecamp;

--
-- Name: galaxy_galaxy_id_seq; Type: SEQUENCE OWNED BY; Schema: public; Owner: freecodecamp
--

ALTER SEQUENCE public.galaxy_galaxy_id_seq OWNED BY public.galaxy.galaxy_id;


--
-- Name: moon; Type: TABLE; Schema: public; Owner: freecodecamp
--

CREATE TABLE public.moon (
    moon_id integer NOT NULL,
    name character varying(100) NOT NULL,
    planet_id integer NOT NULL,
    is_spherical boolean NOT NULL,
    age_in_millions_of_years integer NOT NULL
);


ALTER TABLE public.moon OWNER TO freecodecamp;

--
-- Name: moon_moon_id_seq; Type: SEQUENCE; Schema: public; Owner: freecodecamp
--

CREATE SEQUENCE public.moon_moon_id_seq
    AS integer
    START WITH 1
    INCREMENT BY 1
    NO MINVALUE
    NO MAXVALUE
    CACHE 1;


ALTER TABLE public.moon_moon_id_seq OWNER TO freecodecamp;

--
-- Name: moon_moon_id_seq; Type: SEQUENCE OWNED BY; Schema: public; Owner: freecodecamp
--

ALTER SEQUENCE public.moon_moon_id_seq OWNED BY public.moon.moon_id;


--
-- Name: planet; Type: TABLE; Schema: public; Owner: freecodecamp
--

CREATE TABLE public.planet (
    planet_id integer NOT NULL,
    name character varying(100) NOT NULL,
    star_id integer NOT NULL,
    has_life boolean NOT NULL,
    planet_type text NOT NULL,
    distance_from_star numeric NOT NULL
);


ALTER TABLE public.planet OWNER TO freecodecamp;

--
-- Name: planet_planet_id_seq; Type: SEQUENCE; Schema: public; Owner: freecodecamp
--

CREATE SEQUENCE public.planet_planet_id_seq
    AS integer
    START WITH 1
    INCREMENT BY 1
    NO MINVALUE
    NO MAXVALUE
    CACHE 1;


ALTER TABLE public.planet_planet_id_seq OWNER TO freecodecamp;

--
-- Name: planet_planet_id_seq; Type: SEQUENCE OWNED BY; Schema: public; Owner: freecodecamp
--

ALTER SEQUENCE public.planet_planet_id_seq OWNED BY public.planet.planet_id;


--
-- Name: star; Type: TABLE; Schema: public; Owner: freecodecamp
--

CREATE TABLE public.star (
    star_id integer NOT NULL,
    name character varying(100) NOT NULL,
    galaxy_id integer NOT NULL,
    is_spherical boolean NOT NULL,
    age_in_millions_of_years integer NOT NULL
);


ALTER TABLE public.star OWNER TO freecodecamp;

--
-- Name: star_star_id_seq; Type: SEQUENCE; Schema: public; Owner: freecodecamp
--

CREATE SEQUENCE public.star_star_id_seq
    AS integer
    START WITH 1
    INCREMENT BY 1
    NO MINVALUE
    NO MAXVALUE
    CACHE 1;


ALTER TABLE public.star_star_id_seq OWNER TO freecodecamp;

--
-- Name: star_star_id_seq; Type: SEQUENCE OWNED BY; Schema: public; Owner: freecodecamp
--

ALTER SEQUENCE public.star_star_id_seq OWNED BY public.star.star_id;


--
-- Name: asteroid_belt asteroid_belt_id; Type: DEFAULT; Schema: public; Owner: freecodecamp
--

ALTER TABLE ONLY public.asteroid_belt ALTER COLUMN asteroid_belt_id SET DEFAULT nextval('public.asteroid_belt_asteroid_belt_id_seq'::regclass);


--
-- Name: galaxy galaxy_id; Type: DEFAULT; Schema: public; Owner: freecodecamp
--

ALTER TABLE ONLY public.galaxy ALTER COLUMN galaxy_id SET DEFAULT nextval('public.galaxy_galaxy_id_seq'::regclass);


--
-- Name: moon moon_id; Type: DEFAULT; Schema: public; Owner: freecodecamp
--

ALTER TABLE ONLY public.moon ALTER COLUMN moon_id SET DEFAULT nextval('public.moon_moon_id_seq'::regclass);


--
-- Name: planet planet_id; Type: DEFAULT; Schema: public; Owner: freecodecamp
--

ALTER TABLE ONLY public.planet ALTER COLUMN planet_id SET DEFAULT nextval('public.planet_planet_id_seq'::regclass);


--
-- Name: star star_id; Type: DEFAULT; Schema: public; Owner: freecodecamp
--

ALTER TABLE ONLY public.star ALTER COLUMN star_id SET DEFAULT nextval('public.star_star_id_seq'::regclass);


--
-- Data for Name: asteroid_belt; Type: TABLE DATA; Schema: public; Owner: freecodecamp
--

INSERT INTO public.asteroid_belt VALUES (1, 'Main Belt', 1, 1000000, 2.5);
INSERT INTO public.asteroid_belt VALUES (2, 'Kuiper Belt', 1, 70000, 30);
INSERT INTO public.asteroid_belt VALUES (3, 'Oort Cloud', 1, 2000000000, 1000);


--
-- Data for Name: galaxy; Type: TABLE DATA; Schema: public; Owner: freecodecamp
--

INSERT INTO public.galaxy VALUES (1, 'Milky Way', 'Spiral', true, 0);
INSERT INTO public.galaxy VALUES (2, 'Andromeda', 'Spiral', false, 2537000);
INSERT INTO public.galaxy VALUES (3, 'Triangulum', 'Spiral', false, 3000000);
INSERT INTO public.galaxy VALUES (4, 'Whirlpool', 'Spiral', false, 23000000);
INSERT INTO public.galaxy VALUES (5, 'Sombrero', 'Elliptical', false, 29000000);
INSERT INTO public.galaxy VALUES (6, 'Messier 87', 'Elliptical', false, 53000000);


--
-- Data for Name: moon; Type: TABLE DATA; Schema: public; Owner: freecodecamp
--

INSERT INTO public.moon VALUES (1, 'Moon', 1, true, 4500);
INSERT INTO public.moon VALUES (2, 'Phobos', 2, true, 4000);
INSERT INTO public.moon VALUES (3, 'Deimos', 2, true, 4000);
INSERT INTO public.moon VALUES (4, 'Io', 5, true, 4600);
INSERT INTO public.moon VALUES (5, 'Europa', 5, true, 4600);
INSERT INTO public.moon VALUES (6, 'Ganymede', 5, true, 4600);
INSERT INTO public.moon VALUES (7, 'Callisto', 5, true, 4600);
INSERT INTO public.moon VALUES (8, 'Titan', 6, true, 4600);
INSERT INTO public.moon VALUES (9, 'Enceladus', 6, true, 4600);
INSERT INTO public.moon VALUES (10, 'Mimas', 6, true, 4600);
INSERT INTO public.moon VALUES (11, 'Triton', 7, true, 4500);
INSERT INTO public.moon VALUES (12, 'Charon', 8, true, 4000);
INSERT INTO public.moon VALUES (13, 'Oberon', 8, true, 4500);
INSERT INTO public.moon VALUES (14, 'Titania', 8, true, 4500);
INSERT INTO public.moon VALUES (15, 'Rhea', 6, true, 4600);
INSERT INTO public.moon VALUES (16, 'Dione', 6, true, 4600);
INSERT INTO public.moon VALUES (17, 'Iapetus', 6, true, 4600);
INSERT INTO public.moon VALUES (18, 'Ariel', 8, true, 4500);
INSERT INTO public.moon VALUES (19, 'Umbriel', 8, true, 4500);
INSERT INTO public.moon VALUES (20, 'Miranda', 8, true, 4500);


--
-- Data for Name: planet; Type: TABLE DATA; Schema: public; Owner: freecodecamp
--

INSERT INTO public.planet VALUES (1, 'Earth', 1, true, 'Terrestrial', 1);
INSERT INTO public.planet VALUES (2, 'Mars', 1, false, 'Terrestrial', 1.5);
INSERT INTO public.planet VALUES (3, 'Venus', 1, false, 'Terrestrial', 0.72);
INSERT INTO public.planet VALUES (4, 'Mercury', 1, false, 'Terrestrial', 0.39);
INSERT INTO public.planet VALUES (5, 'Jupiter', 1, false, 'Gas Giant', 5.2);
INSERT INTO public.planet VALUES (6, 'Saturn', 1, false, 'Gas Giant', 9.5);
INSERT INTO public.planet VALUES (7, 'Neptune', 1, false, 'Ice Giant', 30);
INSERT INTO public.planet VALUES (8, 'Uranus', 1, false, 'Ice Giant', 19.8);
INSERT INTO public.planet VALUES (9, 'Kepler-442b', 2, true, 'Exoplanet', 1200);
INSERT INTO public.planet VALUES (10, 'Kepler-22b', 3, true, 'Exoplanet', 620);
INSERT INTO public.planet VALUES (11, 'Proxima b', 6, true, 'Exoplanet', 0.05);
INSERT INTO public.planet VALUES (12, 'Gliese 581g', 6, true, 'Exoplanet', 20.3);


--
-- Data for Name: star; Type: TABLE DATA; Schema: public; Owner: freecodecamp
--

INSERT INTO public.star VALUES (1, 'Sun', 1, true, 4600);
INSERT INTO public.star VALUES (2, 'Sirius', 1, true, 300);
INSERT INTO public.star VALUES (3, 'Betelgeuse', 1, true, 8000);
INSERT INTO public.star VALUES (4, 'Alpha Centauri', 1, true, 6000);
INSERT INTO public.star VALUES (5, 'Vega', 1, true, 450);
INSERT INTO public.star VALUES (6, 'Proxima Centauri', 1, true, 5000);


--
-- Name: asteroid_belt_asteroid_belt_id_seq; Type: SEQUENCE SET; Schema: public; Owner: freecodecamp
--

SELECT pg_catalog.setval('public.asteroid_belt_asteroid_belt_id_seq', 3, true);


--
-- Name: galaxy_galaxy_id_seq; Type: SEQUENCE SET; Schema: public; Owner: freecodecamp
--

SELECT pg_catalog.setval('public.galaxy_galaxy_id_seq', 7, true);


--
-- Name: moon_moon_id_seq; Type: SEQUENCE SET; Schema: public; Owner: freecodecamp
--

SELECT pg_catalog.setval('public.moon_moon_id_seq', 21, true);


--
-- Name: planet_planet_id_seq; Type: SEQUENCE SET; Schema: public; Owner: freecodecamp
--

SELECT pg_catalog.setval('public.planet_planet_id_seq', 13, true);


--
-- Name: star_star_id_seq; Type: SEQUENCE SET; Schema: public; Owner: freecodecamp
--

SELECT pg_catalog.setval('public.star_star_id_seq', 7, true);


--
-- Name: asteroid_belt asteroid_belt_name_key; Type: CONSTRAINT; Schema: public; Owner: freecodecamp
--

ALTER TABLE ONLY public.asteroid_belt
    ADD CONSTRAINT asteroid_belt_name_key UNIQUE (name);


--
-- Name: asteroid_belt asteroid_belt_pkey; Type: CONSTRAINT; Schema: public; Owner: freecodecamp
--

ALTER TABLE ONLY public.asteroid_belt
    ADD CONSTRAINT asteroid_belt_pkey PRIMARY KEY (asteroid_belt_id);


--
-- Name: galaxy galaxy_name_key; Type: CONSTRAINT; Schema: public; Owner: freecodecamp
--

ALTER TABLE ONLY public.galaxy
    ADD CONSTRAINT galaxy_name_key UNIQUE (name);


--
-- Name: galaxy galaxy_pkey; Type: CONSTRAINT; Schema: public; Owner: freecodecamp
--

ALTER TABLE ONLY public.galaxy
    ADD CONSTRAINT galaxy_pkey PRIMARY KEY (galaxy_id);


--
-- Name: moon moon_name_key; Type: CONSTRAINT; Schema: public; Owner: freecodecamp
--

ALTER TABLE ONLY public.moon
    ADD CONSTRAINT moon_name_key UNIQUE (name);


--
-- Name: moon moon_pkey; Type: CONSTRAINT; Schema: public; Owner: freecodecamp
--

ALTER TABLE ONLY public.moon
    ADD CONSTRAINT moon_pkey PRIMARY KEY (moon_id);


--
-- Name: planet planet_name_key; Type: CONSTRAINT; Schema: public; Owner: freecodecamp
--

ALTER TABLE ONLY public.planet
    ADD CONSTRAINT planet_name_key UNIQUE (name);


--
-- Name: planet planet_pkey; Type: CONSTRAINT; Schema: public; Owner: freecodecamp
--

ALTER TABLE ONLY public.planet
    ADD CONSTRAINT planet_pkey PRIMARY KEY (planet_id);


--
-- Name: star star_name_key; Type: CONSTRAINT; Schema: public; Owner: freecodecamp
--

ALTER TABLE ONLY public.star
    ADD CONSTRAINT star_name_key UNIQUE (name);


--
-- Name: star star_pkey; Type: CONSTRAINT; Schema: public; Owner: freecodecamp
--

ALTER TABLE ONLY public.star
    ADD CONSTRAINT star_pkey PRIMARY KEY (star_id);


--
-- Name: asteroid_belt asteroid_belt_star_id_fkey; Type: FK CONSTRAINT; Schema: public; Owner: freecodecamp
--

ALTER TABLE ONLY public.asteroid_belt
    ADD CONSTRAINT asteroid_belt_star_id_fkey FOREIGN KEY (star_id) REFERENCES public.star(star_id);


--
-- Name: moon moon_planet_id_fkey; Type: FK CONSTRAINT; Schema: public; Owner: freecodecamp
--

ALTER TABLE ONLY public.moon
    ADD CONSTRAINT moon_planet_id_fkey FOREIGN KEY (planet_id) REFERENCES public.planet(planet_id);


--
-- Name: planet planet_star_id_fkey; Type: FK CONSTRAINT; Schema: public; Owner: freecodecamp
--

ALTER TABLE ONLY public.planet
    ADD CONSTRAINT planet_star_id_fkey FOREIGN KEY (star_id) REFERENCES public.star(star_id);


--
-- Name: star star_galaxy_id_fkey; Type: FK CONSTRAINT; Schema: public; Owner: freecodecamp
--

ALTER TABLE ONLY public.star
    ADD CONSTRAINT star_galaxy_id_fkey FOREIGN KEY (galaxy_id) REFERENCES public.galaxy(galaxy_id);


--
-- PostgreSQL database dump complete
--

